Scene,URL,Type
15,https://syns.soton.ac.uk/view/29,Kind
15,https://syns.soton.ac.uk/download/57WF551mD2,Pointcloud
15,https://syns.soton.ac.uk/download/QJoefL4406,Pointcloud
15,https://syns.soton.ac.uk/download/1S1D6FXW9l,Panorama
15,https://syns.soton.ac.uk/download/KjGNIxeg0f,Panorama
15,https://syns.soton.ac.uk/download/Aqb9zKC3Ff,Stereo
15,https://syns.soton.ac.uk/download/dC1OWAX5W2,Stereo
15,https://syns.soton.ac.uk/download/H5rsaHn7gC,Stereo
15,https://syns.soton.ac.uk/download/DNPIzHVPmX,Info
16,https://syns.soton.ac.uk/view/30,Kind
16,https://syns.soton.ac.uk/download/5UKachiPjw,Pointcloud
16,https://syns.soton.ac.uk/download/qS9x4PMvP3,Pointcloud
16,https://syns.soton.ac.uk/download/MTwZpdjnSg,Panorama
16,https://syns.soton.ac.uk/download/mXwxtcAsJ8,Panorama
16,https://syns.soton.ac.uk/download/Xk16A6XLzu,Stereo
16,https://syns.soton.ac.uk/download/gtXNKWon1b,Stereo
16,https://syns.soton.ac.uk/download/qR0zCBBqFS,Info
1,https://syns.soton.ac.uk/view/5,Kind
1,https://syns.soton.ac.uk/download/cNo8FVwwA1,Info
1,https://syns.soton.ac.uk/download/sEpBHx5LnI,Panorama
1,https://syns.soton.ac.uk/download/VtTCYJBdAU,Panorama
1,https://syns.soton.ac.uk/download/BXDvllU8T9,Pointcloud
1,https://syns.soton.ac.uk/download/nlPw4vSaZU,Pointcloud
1,https://syns.soton.ac.uk/download/lAbFhPCbtx,Stereo
1,https://syns.soton.ac.uk/download/7wIjMRKaLN,Stereo
18,https://syns.soton.ac.uk/view/31,Kind
18,https://syns.soton.ac.uk/download/aax7LMqcAT,Pointcloud
18,https://syns.soton.ac.uk/download/9WR7lHsP7V,Pointcloud
18,https://syns.soton.ac.uk/download/ukREXRUlC2,Panorama
18,https://syns.soton.ac.uk/download/zca5LpqfrJ,Panorama
18,https://syns.soton.ac.uk/download/iFfFjxHV3Z,Stereo
18,https://syns.soton.ac.uk/download/b6c00bazm1,Stereo
18,https://syns.soton.ac.uk/download/DBXf7IFHhy,Info
14,https://syns.soton.ac.uk/view/28,Kind
14,https://syns.soton.ac.uk/download/nlH19pNGwB,Pointcloud
14,https://syns.soton.ac.uk/download/XJfW1rznmA,Pointcloud
14,https://syns.soton.ac.uk/download/VJSqmjUnIk,Panorama
14,https://syns.soton.ac.uk/download/sxoKheuDmL,Panorama
14,https://syns.soton.ac.uk/download/a2OBc9JtWt,Stereo
14,https://syns.soton.ac.uk/download/Is8e5M1cg9,Stereo
14,https://syns.soton.ac.uk/download/AhpXsrXovR,Info
20,https://syns.soton.ac.uk/view/32,Kind
20,https://syns.soton.ac.uk/download/mPyVST6zkC,Pointcloud
20,https://syns.soton.ac.uk/download/GDQ2FFOjOM,Pointcloud
20,https://syns.soton.ac.uk/download/U7yehOGksx,Panorama
20,https://syns.soton.ac.uk/download/PTWTgfHyFt,Panorama
20,https://syns.soton.ac.uk/download/bU99LSxNff,Stereo
20,https://syns.soton.ac.uk/download/KUuFhKGUtM,Stereo
20,https://syns.soton.ac.uk/download/Niaz08h6E1,Info
22,https://syns.soton.ac.uk/view/34,Kind
22,https://syns.soton.ac.uk/download/Wsj2fvEweD,Pointcloud
22,https://syns.soton.ac.uk/download/csxkrGdid0,Pointcloud
22,https://syns.soton.ac.uk/download/AK41JxnTf9,Panorama
22,https://syns.soton.ac.uk/download/OhAh7FAdtl,Panorama
22,https://syns.soton.ac.uk/download/nhWNFyJQIU,Stereo
22,https://syns.soton.ac.uk/download/tZDwNnVixz,Stereo
22,https://syns.soton.ac.uk/download/GdAx0a3dTj,Stereo
22,https://syns.soton.ac.uk/download/N1XSrthBMM,Stereo
22,https://syns.soton.ac.uk/download/FIkFoDOBV0,Info
19,https://syns.soton.ac.uk/view/4,Kind
19,https://syns.soton.ac.uk/download/mWLGCL2yki,Pointcloud
19,https://syns.soton.ac.uk/download/aEY8MtunSc,Pointcloud
19,https://syns.soton.ac.uk/download/fxcqw67TYs,Panorama
19,https://syns.soton.ac.uk/download/3w8267wHQh,Panorama
19,https://syns.soton.ac.uk/download/T5wbiHfNcA,Stereo
19,https://syns.soton.ac.uk/download/SNjpSvodx7,Stereo
19,https://syns.soton.ac.uk/download/AFQWsrQyuU,Info
23,https://syns.soton.ac.uk/view/35,Kind
23,https://syns.soton.ac.uk/download/v66iiRyEZL,Pointcloud
23,https://syns.soton.ac.uk/download/AmVp54AyP2,Pointcloud
23,https://syns.soton.ac.uk/download/3UCBdM8V8G,Panorama
23,https://syns.soton.ac.uk/download/7tkkKHMeO3,Panorama
23,https://syns.soton.ac.uk/download/7Ut7eag2Re,Stereo
23,https://syns.soton.ac.uk/download/KpaaiUxMQP,Stereo
23,https://syns.soton.ac.uk/download/OUwbjMbozS,Info
13,https://syns.soton.ac.uk/view/27,Kind
13,https://syns.soton.ac.uk/download/FyOsxWnP2r,Pointcloud
13,https://syns.soton.ac.uk/download/vSVy6yVbDt,Pointcloud
13,https://syns.soton.ac.uk/download/cXYmKkt1Ja,Panorama
13,https://syns.soton.ac.uk/download/Qic1AS92l7,Panorama
13,https://syns.soton.ac.uk/download/zG6vQxUirA,Stereo
13,https://syns.soton.ac.uk/download/SLcII1l1QI,Stereo
13,https://syns.soton.ac.uk/download/anDWpsdxrJ,Info
21,https://syns.soton.ac.uk/view/33,Kind
21,https://syns.soton.ac.uk/download/KJsCSid0gx,Pointcloud
21,https://syns.soton.ac.uk/download/3yunn8PzP0,Pointcloud
21,https://syns.soton.ac.uk/download/HZh6S7J2sY,Panorama
21,https://syns.soton.ac.uk/download/kkYec9S2yT,Panorama
21,https://syns.soton.ac.uk/download/ylDO2ttD8P,Stereo
21,https://syns.soton.ac.uk/download/VAsBDkht2A,Stereo
21,https://syns.soton.ac.uk/download/NmXdeEwd8h,Info
9,https://syns.soton.ac.uk/view/23,Kind
9,https://syns.soton.ac.uk/download/VCrh19BW6Z,Pointcloud
9,https://syns.soton.ac.uk/download/VjHntOQWaW,Pointcloud
9,https://syns.soton.ac.uk/download/yNVikfuRKJ,Panorama
9,https://syns.soton.ac.uk/download/1D47nO8JXw,Stereo
9,https://syns.soton.ac.uk/download/z2r5KFCa4T,Stereo
9,https://syns.soton.ac.uk/download/Z48X5zdGpS,Info
10,https://syns.soton.ac.uk/view/24,Kind
10,https://syns.soton.ac.uk/download/lj4gGDs0kl,Pointcloud
10,https://syns.soton.ac.uk/download/pqii73als3,Pointcloud
10,https://syns.soton.ac.uk/download/V6AEXytbUm,Panorama
10,https://syns.soton.ac.uk/download/wlhiIBbnsK,Panorama
10,https://syns.soton.ac.uk/download/EaocYlQnNo,Stereo
10,https://syns.soton.ac.uk/download/sSfaFcQuOt,Stereo
10,https://syns.soton.ac.uk/download/F9NykKxnId,Info
17,https://syns.soton.ac.uk/view/3,Kind
17,https://syns.soton.ac.uk/download/hwLBblkqeF,Pointcloud
17,https://syns.soton.ac.uk/download/HOFVJf4GJ2,Pointcloud
17,https://syns.soton.ac.uk/download/g5AoBApIyv,Panorama
17,https://syns.soton.ac.uk/download/8OI1GhP0KV,Panorama
17,https://syns.soton.ac.uk/download/EUJuhYXUzQ,Info
17,https://syns.soton.ac.uk/download/52TaSVpxQa,Stereo
17,https://syns.soton.ac.uk/download/j2NFOCcv8w,Stereo
12,https://syns.soton.ac.uk/view/26,Kind
12,https://syns.soton.ac.uk/download/S7LO2ULlKG,Pointcloud
12,https://syns.soton.ac.uk/download/cDi0wiigZ7,Pointcloud
12,https://syns.soton.ac.uk/download/qwWefjn2rq,Panorama
12,https://syns.soton.ac.uk/download/seNWmgVT2x,Panorama
12,https://syns.soton.ac.uk/download/FP0BKmmFiu,Stereo
12,https://syns.soton.ac.uk/download/TbmtmiJtDH,Stereo
12,https://syns.soton.ac.uk/download/O91ETfr1k7,Stereo
12,https://syns.soton.ac.uk/download/GxDoeh3iZq,Info
11,https://syns.soton.ac.uk/view/25,Kind
11,https://syns.soton.ac.uk/download/TGb6XKewfh,Pointcloud
11,https://syns.soton.ac.uk/download/0BPv52D5rg,Pointcloud
11,https://syns.soton.ac.uk/download/WuAsye2qHs,Panorama
11,https://syns.soton.ac.uk/download/zPo4cIYNv9,Panorama
11,https://syns.soton.ac.uk/download/0Z2ro2WU7K,Stereo
11,https://syns.soton.ac.uk/download/AbHPG0s11R,Stereo
11,https://syns.soton.ac.uk/download/t0Z54GpJM5,Info
89,https://syns.soton.ac.uk/view/14,Kind
89,https://syns.soton.ac.uk/download/H8FdPfO7QQ,Pointcloud
89,https://syns.soton.ac.uk/download/3i96gjxZMd,Pointcloud
89,https://syns.soton.ac.uk/download/59MakmO9ba,Panorama
89,https://syns.soton.ac.uk/download/83Y5yLqQmp,Stereo
89,https://syns.soton.ac.uk/download/0xKI99Ygth,Stereo
89,https://syns.soton.ac.uk/download/I3NLeLSCbV,Info
88,https://syns.soton.ac.uk/view/13,Kind
88,https://syns.soton.ac.uk/download/mqdVK5EJXU,Pointcloud
88,https://syns.soton.ac.uk/download/htM3zKWVwK,Pointcloud
88,https://syns.soton.ac.uk/download/w0veCS5nQB,Panorama
88,https://syns.soton.ac.uk/download/3O02wNa8u1,Panorama
88,https://syns.soton.ac.uk/download/IcXfIMPbhA,Stereo
88,https://syns.soton.ac.uk/download/vJjpKPhSw6,Stereo
88,https://syns.soton.ac.uk/download/foccFEENHz,Stereo
88,https://syns.soton.ac.uk/download/08EIZI22Cc,Stereo
88,https://syns.soton.ac.uk/download/XAqgeRXkIr,Info
87,https://syns.soton.ac.uk/view/12,Kind
87,https://syns.soton.ac.uk/download/VE5DvBMDoI,Pointcloud
87,https://syns.soton.ac.uk/download/Yn4ARkjI0E,Pointcloud
87,https://syns.soton.ac.uk/download/gBtJPi6yRT,Panorama
87,https://syns.soton.ac.uk/download/yFia3m4nSO,Panorama
87,https://syns.soton.ac.uk/download/MJckzsewT2,Stereo
87,https://syns.soton.ac.uk/download/BOAk8XRTua,Stereo
87,https://syns.soton.ac.uk/download/wbKOeY1Gw8,Info
85,https://syns.soton.ac.uk/view/10,Kind
85,https://syns.soton.ac.uk/download/D1PHAbQo8M,Panorama
85,https://syns.soton.ac.uk/download/w8CKogmlvo,Panorama
85,https://syns.soton.ac.uk/download/EXWzMk7Qpv,Info
85,https://syns.soton.ac.uk/download/yXVOsFZ7di,Pointcloud
85,https://syns.soton.ac.uk/download/Vr4BzzXUvD,Pointcloud
85,https://syns.soton.ac.uk/download/hh6i8pjg6c,Stereo
85,https://syns.soton.ac.uk/download/HIQtGHIZS4,Stereo
91,https://syns.soton.ac.uk/view/15,Kind
91,https://syns.soton.ac.uk/download/PvDa3q2S0v,Pointcloud
91,https://syns.soton.ac.uk/download/uDsDEGBR7F,Pointcloud
91,https://syns.soton.ac.uk/download/DnDyyIwLTq,Panorama
91,https://syns.soton.ac.uk/download/OZvZdgLoZZ,Panorama
91,https://syns.soton.ac.uk/download/mtDSG3Jm05,Stereo
91,https://syns.soton.ac.uk/download/2dwWJu0zOL,Stereo
91,https://syns.soton.ac.uk/download/MzIGPBPRk0,Stereo
91,https://syns.soton.ac.uk/download/LopXq1OEFT,Stereo
91,https://syns.soton.ac.uk/download/RUvKYIAB8s,Info
86,https://syns.soton.ac.uk/view/11,Kind
86,https://syns.soton.ac.uk/download/X5fkTXWZoO,Pointcloud
86,https://syns.soton.ac.uk/download/9ccPU2qEm4,Pointcloud
86,https://syns.soton.ac.uk/download/bjvXiMfYgU,Panorama
86,https://syns.soton.ac.uk/download/GZPjndmwCH,Panorama
86,https://syns.soton.ac.uk/download/hXaaUSIhLV,Stereo
86,https://syns.soton.ac.uk/download/fhNjrU6WeE,Stereo
86,https://syns.soton.ac.uk/download/7IM98qKzDC,Info
92,https://syns.soton.ac.uk/view/94,Kind
92,https://syns.soton.ac.uk/download/VcD9UQTLUw,Pointcloud
92,https://syns.soton.ac.uk/download/LysfyiGuvI,Pointcloud
92,https://syns.soton.ac.uk/download/3tW9LiB0Ab,Panorama
92,https://syns.soton.ac.uk/download/NXwKkqnHds,Panorama
92,https://syns.soton.ac.uk/download/gj0O7doDVb,Stereo
92,https://syns.soton.ac.uk/download/pl88zwX12n,Stereo
92,https://syns.soton.ac.uk/download/41J3Ee2Ver,Stereo
92,https://syns.soton.ac.uk/download/Asaj6h466Y,Info
90,https://syns.soton.ac.uk/view/2,Kind
90,https://syns.soton.ac.uk/download/CGzSONLUa8,Panorama
90,https://syns.soton.ac.uk/download/45AuIcQ4bs,Panorama
90,https://syns.soton.ac.uk/download/VkmMufAA0N,Pointcloud
90,https://syns.soton.ac.uk/download/Uy5Y2YjuXh,Pointcloud
90,https://syns.soton.ac.uk/download/OcSvZZk3JM,Stereo
90,https://syns.soton.ac.uk/download/il2UoCsM1l,Stereo
90,https://syns.soton.ac.uk/download/xLEOP3QeYq,Stereo
90,https://syns.soton.ac.uk/download/E409MRy8RU,Stereo
90,https://syns.soton.ac.uk/download/NuISglnwbx,Info
84,https://syns.soton.ac.uk/view/9,Kind
84,https://syns.soton.ac.uk/download/TlSns83UtI,Pointcloud
84,https://syns.soton.ac.uk/download/6ZbFozctjC,Pointcloud
84,https://syns.soton.ac.uk/download/em8Z5wJZFX,Panorama
84,https://syns.soton.ac.uk/download/LjojUQGRHR,Panorama
84,https://syns.soton.ac.uk/download/fTXt8o0gYn,Stereo
84,https://syns.soton.ac.uk/download/PxJA004IUp,Stereo
84,https://syns.soton.ac.uk/download/Vk5UWNhBMn,Info
83,https://syns.soton.ac.uk/view/8,Kind
83,https://syns.soton.ac.uk/download/veDDgjTGNk,Pointcloud
83,https://syns.soton.ac.uk/download/mWioCpnO8Q,Pointcloud
83,https://syns.soton.ac.uk/download/rzo2CUV7bc,Panorama
83,https://syns.soton.ac.uk/download/uYAXkN2jmr,Panorama
83,https://syns.soton.ac.uk/download/yYVYmFFV6Z,Stereo
83,https://syns.soton.ac.uk/download/42wLibvXYD,Stereo
83,https://syns.soton.ac.uk/download/LPWVDHY8C1,Info
81,https://syns.soton.ac.uk/view/6,Kind
81,https://syns.soton.ac.uk/download/tTnhkw7T0f,Pointcloud
81,https://syns.soton.ac.uk/download/8f44A6vdPB,Pointcloud
81,https://syns.soton.ac.uk/download/yWwpMRuL3o,Panorama
81,https://syns.soton.ac.uk/download/dOVAdA08qd,Panorama
81,https://syns.soton.ac.uk/download/THQlnOmJBK,Info
81,https://syns.soton.ac.uk/download/iUXIyWGFdA,Stereo
81,https://syns.soton.ac.uk/download/EXSkcpM0ld,Stereo
82,https://syns.soton.ac.uk/view/7,Kind
82,https://syns.soton.ac.uk/download/KHtwTNIUb5,Pointcloud
82,https://syns.soton.ac.uk/download/pBbfumvvuu,Pointcloud
82,https://syns.soton.ac.uk/download/q6luarBQPp,Panorama
82,https://syns.soton.ac.uk/download/XjsZcfeMTf,Panorama
82,https://syns.soton.ac.uk/download/duBZrYuIaV,Stereo
82,https://syns.soton.ac.uk/download/jbUstaDbbM,Stereo
82,https://syns.soton.ac.uk/download/sWC6sufmwy,Info
80,https://syns.soton.ac.uk/view/93,Kind
80,https://syns.soton.ac.uk/download/kSA936re4s,Pointcloud
80,https://syns.soton.ac.uk/download/7lLPLgkl6j,Pointcloud
80,https://syns.soton.ac.uk/download/CpInzNcfxq,Panorama
80,https://syns.soton.ac.uk/download/Ix4jioNp3J,Panorama
80,https://syns.soton.ac.uk/download/i9BW7KXXQB,Stereo
80,https://syns.soton.ac.uk/download/yP0fhjiYzY,Stereo
80,https://syns.soton.ac.uk/download/lHgK3QbRoZ,Info
77,https://syns.soton.ac.uk/view/90,Kind
77,https://syns.soton.ac.uk/download/705Wo2ZYBK,Info
77,https://syns.soton.ac.uk/download/83CV4v4EZI,Panorama
77,https://syns.soton.ac.uk/download/eu2buNWKtG,Panorama
77,https://syns.soton.ac.uk/download/fOmNXBfXQq,Pointcloud
77,https://syns.soton.ac.uk/download/Xm2UZ2EXkX,Pointcloud
77,https://syns.soton.ac.uk/download/pKcbZOWqXH,Stereo
77,https://syns.soton.ac.uk/download/5WxjJ4eL33,Stereo
79,https://syns.soton.ac.uk/view/92,Kind
79,https://syns.soton.ac.uk/download/qRUPXpTuH6,Pointcloud
79,https://syns.soton.ac.uk/download/JjSB9nQAEv,Pointcloud
79,https://syns.soton.ac.uk/download/M52t2BjLUv,Panorama
79,https://syns.soton.ac.uk/download/c80JqXfrYN,Panorama
79,https://syns.soton.ac.uk/download/ym7n09EIFb,Stereo
79,https://syns.soton.ac.uk/download/XuUqjfbb3k,Stereo
79,https://syns.soton.ac.uk/download/TuVC9QQcgx,Stereo
79,https://syns.soton.ac.uk/download/UxZchfcUo8,Stereo
79,https://syns.soton.ac.uk/download/AF8JXvXBz6,Info
78,https://syns.soton.ac.uk/view/91,Kind
78,https://syns.soton.ac.uk/download/JePH09gBgL,Pointcloud
78,https://syns.soton.ac.uk/download/b3zdvkAxW1,Pointcloud
78,https://syns.soton.ac.uk/download/KJAQeniSlj,Panorama
78,https://syns.soton.ac.uk/download/4fRMHCEOr5,Panorama
78,https://syns.soton.ac.uk/download/6XcZjzIE2d,Stereo
78,https://syns.soton.ac.uk/download/cEodWTTCmS,Stereo
78,https://syns.soton.ac.uk/download/raEtHxi7at,Stereo
78,https://syns.soton.ac.uk/download/0g0qoEhH1f,Info
76,https://syns.soton.ac.uk/view/89,Kind
76,https://syns.soton.ac.uk/download/gK4Kf1Egsr,Pointcloud
76,https://syns.soton.ac.uk/download/Gw0I2MemBA,Pointcloud
76,https://syns.soton.ac.uk/download/NXzxSxfDnO,Panorama
76,https://syns.soton.ac.uk/download/wJOqkIZuVX,Panorama
76,https://syns.soton.ac.uk/download/WU3pUTf6QQ,Stereo
76,https://syns.soton.ac.uk/download/IzQglgBgQp,Stereo
76,https://syns.soton.ac.uk/download/mc5gyjDdRz,Info
73,https://syns.soton.ac.uk/view/85,Kind
73,https://syns.soton.ac.uk/download/LifQyBA9Fi,Pointcloud
73,https://syns.soton.ac.uk/download/XQr8KVO9Km,Pointcloud
73,https://syns.soton.ac.uk/download/SZxpITLlSZ,Panorama
73,https://syns.soton.ac.uk/download/zPewFW6VZ0,Panorama
73,https://syns.soton.ac.uk/download/Z1af4zjDJ2,Stereo
73,https://syns.soton.ac.uk/download/tTs0qH1VUJ,Stereo
73,https://syns.soton.ac.uk/download/MTo7wIrJi3,Info
71,https://syns.soton.ac.uk/view/83,Kind
71,https://syns.soton.ac.uk/download/dncgtkxPjQ,Pointcloud
71,https://syns.soton.ac.uk/download/tYyuKAJAOg,Pointcloud
71,https://syns.soton.ac.uk/download/L737tRrd03,Panorama
71,https://syns.soton.ac.uk/download/V4qoi1ZEZT,Panorama
71,https://syns.soton.ac.uk/download/z6YJzSR1nR,Stereo
71,https://syns.soton.ac.uk/download/swVzf1PEan,Stereo
71,https://syns.soton.ac.uk/download/ye7ioQ17vy,Stereo
71,https://syns.soton.ac.uk/download/IeIH49h6s5,Info
72,https://syns.soton.ac.uk/view/84,Kind
72,https://syns.soton.ac.uk/download/MVtqob8Cte,Pointcloud
72,https://syns.soton.ac.uk/download/ZivC0hCPcZ,Pointcloud
72,https://syns.soton.ac.uk/download/DA3tnyTa73,Panorama
72,https://syns.soton.ac.uk/download/sFRZrCpPgU,Panorama
72,https://syns.soton.ac.uk/download/IK6bieIVWZ,Stereo
72,https://syns.soton.ac.uk/download/a41Znc3fv2,Stereo
72,https://syns.soton.ac.uk/download/9zfrIMifWf,Info
75,https://syns.soton.ac.uk/view/88,Kind
75,https://syns.soton.ac.uk/download/bFlkNQoQkv,Pointcloud
75,https://syns.soton.ac.uk/download/1PuNIX58sV,Pointcloud
75,https://syns.soton.ac.uk/download/LL4dMhCgsF,Panorama
75,https://syns.soton.ac.uk/download/pzMn8HRoUT,Panorama
75,https://syns.soton.ac.uk/download/f63N6XeP0F,Stereo
75,https://syns.soton.ac.uk/download/OHGqpn6vbS,Stereo
75,https://syns.soton.ac.uk/download/wVqQO0kngD,Info
74,https://syns.soton.ac.uk/view/86,Kind
74,https://syns.soton.ac.uk/download/eiEP2vHMY2,Pointcloud
74,https://syns.soton.ac.uk/download/GuKpEEa7yn,Pointcloud
74,https://syns.soton.ac.uk/download/WJjjl6bYXY,Panorama
74,https://syns.soton.ac.uk/download/94wViE13zt,Panorama
74,https://syns.soton.ac.uk/download/2r4PQdeNcv,Stereo
74,https://syns.soton.ac.uk/download/XMSTY0wbBz,Stereo
74,https://syns.soton.ac.uk/download/ULlfnwvExb,Stereo
74,https://syns.soton.ac.uk/download/j2510sZZky,Info
69,https://syns.soton.ac.uk/view/81,Kind
69,https://syns.soton.ac.uk/download/SIRIk5hs0H,Pointcloud
69,https://syns.soton.ac.uk/download/oeBse8ZnqT,Pointcloud
69,https://syns.soton.ac.uk/download/rIdJRYUzeK,Panorama
69,https://syns.soton.ac.uk/download/hQ9gDGNVoP,Panorama
69,https://syns.soton.ac.uk/download/1PJRcOACwB,Stereo
69,https://syns.soton.ac.uk/download/IFiw3eSKSA,Stereo
69,https://syns.soton.ac.uk/download/H7rd9ZV687,Info
68,https://syns.soton.ac.uk/view/80,Kind
68,https://syns.soton.ac.uk/download/HSkqcz7yLm,Pointcloud
68,https://syns.soton.ac.uk/download/diM27orxvb,Pointcloud
68,https://syns.soton.ac.uk/download/fvoEl8FUcH,Panorama
68,https://syns.soton.ac.uk/download/67lbCmyLmh,Panorama
68,https://syns.soton.ac.uk/download/CjandiAAWo,Stereo
68,https://syns.soton.ac.uk/download/6gNGQXyIAX,Stereo
68,https://syns.soton.ac.uk/download/tchUwcCB0W,Info
64,https://syns.soton.ac.uk/view/76,Kind
64,https://syns.soton.ac.uk/download/3LrSG0WWsy,Pointcloud
64,https://syns.soton.ac.uk/download/uiUGEugB4G,Pointcloud
64,https://syns.soton.ac.uk/download/3RLLN65HAS,Panorama
64,https://syns.soton.ac.uk/download/8m7MjuekPq,Panorama
64,https://syns.soton.ac.uk/download/snTHhJAfVc,Stereo
64,https://syns.soton.ac.uk/download/XSnSWmpUva,Stereo
64,https://syns.soton.ac.uk/download/Lmi01nPInZ,Info
62,https://syns.soton.ac.uk/view/74,Kind
62,https://syns.soton.ac.uk/download/bfQ2mt0CDi,Pointcloud
62,https://syns.soton.ac.uk/download/zEDBAHohkl,Pointcloud
62,https://syns.soton.ac.uk/download/iLP3pkpdwK,Panorama
62,https://syns.soton.ac.uk/download/fk1o1jEvAK,Panorama
62,https://syns.soton.ac.uk/download/HHNp7uoRlM,Stereo
62,https://syns.soton.ac.uk/download/PHvWFJa5On,Stereo
62,https://syns.soton.ac.uk/download/NEECgZds4p,Info
65,https://syns.soton.ac.uk/view/77,Kind
65,https://syns.soton.ac.uk/download/F2Sb3t6MKS,Pointcloud
65,https://syns.soton.ac.uk/download/73Bt6TniPQ,Pointcloud
65,https://syns.soton.ac.uk/download/hWU7ifl5FF,Panorama
65,https://syns.soton.ac.uk/download/ODKPpHTWLM,Panorama
65,https://syns.soton.ac.uk/download/Qrzyw5p6XK,Stereo
65,https://syns.soton.ac.uk/download/kmaCwvHXLo,Stereo
65,https://syns.soton.ac.uk/download/ef8oGTD7BZ,Info
70,https://syns.soton.ac.uk/view/82,Kind
70,https://syns.soton.ac.uk/download/nRvWcrPeUN,Pointcloud
70,https://syns.soton.ac.uk/download/DY5aqcXbbN,Pointcloud
70,https://syns.soton.ac.uk/download/cEgkRo2YCe,Panorama
70,https://syns.soton.ac.uk/download/ZZFzKMti72,Panorama
70,https://syns.soton.ac.uk/download/wcvMmf29Ia,Stereo
70,https://syns.soton.ac.uk/download/QThByH0ib6,Stereo
70,https://syns.soton.ac.uk/download/Kppyykvlwq,Stereo
70,https://syns.soton.ac.uk/download/o9Ctbakn2s,Info
67,https://syns.soton.ac.uk/view/79,Kind
67,https://syns.soton.ac.uk/download/UzwOFA4EAV,Pointcloud
67,https://syns.soton.ac.uk/download/VivKFts3VZ,Pointcloud
67,https://syns.soton.ac.uk/download/FgW6PaUbjO,Panorama
67,https://syns.soton.ac.uk/download/CGeYxbvVQm,Panorama
67,https://syns.soton.ac.uk/download/LZFTNj21WW,Stereo
67,https://syns.soton.ac.uk/download/sGT170ZmCZ,Stereo
67,https://syns.soton.ac.uk/download/TMOEra5OPm,Stereo
67,https://syns.soton.ac.uk/download/qogkddZ69H,Info
63,https://syns.soton.ac.uk/view/75,Kind
63,https://syns.soton.ac.uk/download/SjXTkQC6kw,Pointcloud
63,https://syns.soton.ac.uk/download/bftvRF4orp,Pointcloud
63,https://syns.soton.ac.uk/download/VIDj3KJNwL,Panorama
63,https://syns.soton.ac.uk/download/r6Jv9TkcsY,Panorama
63,https://syns.soton.ac.uk/download/IBTOPMCblL,Stereo
63,https://syns.soton.ac.uk/download/8kRYVla4MI,Stereo
63,https://syns.soton.ac.uk/download/ew3H4am26n,Info
61,https://syns.soton.ac.uk/view/73,Kind
61,https://syns.soton.ac.uk/download/0AHTVdb9BF,Pointcloud
61,https://syns.soton.ac.uk/download/HPuI84p7SY,Pointcloud
61,https://syns.soton.ac.uk/download/2VlKKQm5VG,Panorama
61,https://syns.soton.ac.uk/download/ZIkEpkFojO,Panorama
61,https://syns.soton.ac.uk/download/w7G921uliL,Stereo
61,https://syns.soton.ac.uk/download/VAr8hMdRCX,Stereo
61,https://syns.soton.ac.uk/download/TJWMzAv6eB,Info
55,https://syns.soton.ac.uk/view/67,Kind
55,https://syns.soton.ac.uk/download/q7yTD0F7ri,Pointcloud
55,https://syns.soton.ac.uk/download/8LB3NIV9rB,Pointcloud
55,https://syns.soton.ac.uk/download/Y0IjRohjC1,Panorama
55,https://syns.soton.ac.uk/download/CXB4upYKMM,Panorama
55,https://syns.soton.ac.uk/download/7KqGKWQToD,Stereo
55,https://syns.soton.ac.uk/download/7WtfvI5SuI,Stereo
55,https://syns.soton.ac.uk/download/laZkGurs5y,Info
57,https://syns.soton.ac.uk/view/69,Kind
57,https://syns.soton.ac.uk/download/fkNWvt93qk,Pointcloud
57,https://syns.soton.ac.uk/download/W7grRUsNbT,Pointcloud
57,https://syns.soton.ac.uk/download/jeYRJnLgC4,Panorama
57,https://syns.soton.ac.uk/download/UoFTX5NQsn,Panorama
57,https://syns.soton.ac.uk/download/q80Nt90zxm,Stereo
57,https://syns.soton.ac.uk/download/y8HkwTMNvW,Stereo
57,https://syns.soton.ac.uk/download/IsxS1ApcxZ,Info
59,https://syns.soton.ac.uk/view/71,Kind
59,https://syns.soton.ac.uk/download/Bb0CXzVUu4,Pointcloud
59,https://syns.soton.ac.uk/download/AoT7vPdMMz,Pointcloud
59,https://syns.soton.ac.uk/download/ok99I1COlV,Panorama
59,https://syns.soton.ac.uk/download/XkvGfofVAY,Panorama
59,https://syns.soton.ac.uk/download/D1uFkQHJp5,Stereo
59,https://syns.soton.ac.uk/download/lULlUOo2ab,Stereo
59,https://syns.soton.ac.uk/download/sqTbLYrk2e,Info
60,https://syns.soton.ac.uk/view/72,Kind
60,https://syns.soton.ac.uk/download/pzeQmKy4zd,Pointcloud
60,https://syns.soton.ac.uk/download/cTKhcU5dYS,Pointcloud
60,https://syns.soton.ac.uk/download/iZGcyTwcmK,Panorama
60,https://syns.soton.ac.uk/download/KlaMRa3DAt,Panorama
60,https://syns.soton.ac.uk/download/qZTe78iVlP,Stereo
60,https://syns.soton.ac.uk/download/RZ1ofUZtGK,Stereo
60,https://syns.soton.ac.uk/download/dRCV2NvsKN,Info
56,https://syns.soton.ac.uk/view/68,Kind
56,https://syns.soton.ac.uk/download/X0BW9CmRcm,Pointcloud
56,https://syns.soton.ac.uk/download/T6XthWHgPu,Pointcloud
56,https://syns.soton.ac.uk/download/0xYTRRtwdv,Panorama
56,https://syns.soton.ac.uk/download/bjYKfE27FC,Panorama
56,https://syns.soton.ac.uk/download/ulXlrAC8fM,Stereo
56,https://syns.soton.ac.uk/download/GbwvNuVhAL,Stereo
56,https://syns.soton.ac.uk/download/XsBpgyMJmX,Info
66,https://syns.soton.ac.uk/view/78,Kind
66,https://syns.soton.ac.uk/download/EoKfyvDJQs,Info
66,https://syns.soton.ac.uk/download/yjKm9Wfmnp,Panorama
66,https://syns.soton.ac.uk/download/kpdVhNy8gf,Panorama
66,https://syns.soton.ac.uk/download/LvE5jczPDT,Pointcloud
66,https://syns.soton.ac.uk/download/45VWVEdCED,Pointcloud
66,https://syns.soton.ac.uk/download/BT9qdqeVRk,Stereo
66,https://syns.soton.ac.uk/download/p7G8deCzXL,Stereo
58,https://syns.soton.ac.uk/view/70,Kind
58,https://syns.soton.ac.uk/download/EPmpYuC4vx,Pointcloud
58,https://syns.soton.ac.uk/download/Qy1sKywQRi,Pointcloud
58,https://syns.soton.ac.uk/download/o8phXxCbQ6,Panorama
58,https://syns.soton.ac.uk/download/WWqBntHs0x,Panorama
58,https://syns.soton.ac.uk/download/zM8fdwmtCY,Stereo
58,https://syns.soton.ac.uk/download/Io1T4KF8DT,Stereo
58,https://syns.soton.ac.uk/download/uxwT6QGqKZ,Info
54,https://syns.soton.ac.uk/view/66,Kind
54,https://syns.soton.ac.uk/download/YSipFicDw1,Pointcloud
54,https://syns.soton.ac.uk/download/SfIuHdSb0p,Pointcloud
54,https://syns.soton.ac.uk/download/dr2A1ouJcz,Panorama
54,https://syns.soton.ac.uk/download/J9nN8lx5iH,Panorama
54,https://syns.soton.ac.uk/download/Fj1aPGwGUi,Stereo
54,https://syns.soton.ac.uk/download/tHhb6IUzKO,Stereo
54,https://syns.soton.ac.uk/download/sL6twWum3E,Info
50,https://syns.soton.ac.uk/view/62,Kind
50,https://syns.soton.ac.uk/download/4RCQ6rafds,Pointcloud
50,https://syns.soton.ac.uk/download/U0XwmynCXY,Pointcloud
50,https://syns.soton.ac.uk/download/mE7jcdfhqN,Panorama
50,https://syns.soton.ac.uk/download/FnJFW6c14u,Panorama
50,https://syns.soton.ac.uk/download/YoyAnGYav1,Stereo
50,https://syns.soton.ac.uk/download/EHRcHWKnBs,Stereo
50,https://syns.soton.ac.uk/download/HL1v7ysMEP,Info
53,https://syns.soton.ac.uk/view/65,Kind
53,https://syns.soton.ac.uk/download/WsHusZXj0w,Pointcloud
53,https://syns.soton.ac.uk/download/yl7Znjdwmt,Pointcloud
53,https://syns.soton.ac.uk/download/0s20tm6Vfy,Panorama
53,https://syns.soton.ac.uk/download/8GnGH42Sa6,Panorama
53,https://syns.soton.ac.uk/download/Yk25N9DnYN,Stereo
53,https://syns.soton.ac.uk/download/i0iptBAwqd,Stereo
53,https://syns.soton.ac.uk/download/LoNuNUDZFX,Info
52,https://syns.soton.ac.uk/view/64,Kind
52,https://syns.soton.ac.uk/download/H70rpd3Njm,Pointcloud
52,https://syns.soton.ac.uk/download/ehCNJpCxv2,Pointcloud
52,https://syns.soton.ac.uk/download/OUJDw6CkuH,Panorama
52,https://syns.soton.ac.uk/download/K5nvdWBr7j,Panorama
52,https://syns.soton.ac.uk/download/ZyX6g4nCf4,Stereo
52,https://syns.soton.ac.uk/download/vVMH6J2bcl,Stereo
52,https://syns.soton.ac.uk/download/pIOGfXZ4ax,Stereo
52,https://syns.soton.ac.uk/download/1IcyliZMnn,Info
51,https://syns.soton.ac.uk/view/63,Kind
51,https://syns.soton.ac.uk/download/x8kZ0noi5u,Pointcloud
51,https://syns.soton.ac.uk/download/Tbh2bUgpXq,Pointcloud
51,https://syns.soton.ac.uk/download/WIHiOnorYt,Panorama
51,https://syns.soton.ac.uk/download/6FA4XU6n8e,Panorama
51,https://syns.soton.ac.uk/download/z2z8gG8kmX,Stereo
51,https://syns.soton.ac.uk/download/FQqYcuQder,Stereo
51,https://syns.soton.ac.uk/download/elMueRuQYu,Info
49,https://syns.soton.ac.uk/view/61,Kind
49,https://syns.soton.ac.uk/download/fRpvME49lm,Pointcloud
49,https://syns.soton.ac.uk/download/j1pqds1n4o,Pointcloud
49,https://syns.soton.ac.uk/download/qMdGRu6SJu,Panorama
49,https://syns.soton.ac.uk/download/87VMO2XtRv,Panorama
49,https://syns.soton.ac.uk/download/mVNkxDNGVm,Stereo
49,https://syns.soton.ac.uk/download/F9BTOjaCyJ,Stereo
49,https://syns.soton.ac.uk/download/ePWOyUVXEr,Info
48,https://syns.soton.ac.uk/view/60,Kind
48,https://syns.soton.ac.uk/download/GqBypbqyFj,Pointcloud
48,https://syns.soton.ac.uk/download/FIYA0Z4Woc,Pointcloud
48,https://syns.soton.ac.uk/download/uIPW47CNmK,Panorama
48,https://syns.soton.ac.uk/download/ZiVuHUjV8m,Panorama
48,https://syns.soton.ac.uk/download/zqFbDIAfAn,Stereo
48,https://syns.soton.ac.uk/download/U5iIdvxsck,Stereo
48,https://syns.soton.ac.uk/download/LkyDUSYFfd,Info
47,https://syns.soton.ac.uk/view/59,Kind
47,https://syns.soton.ac.uk/download/aBDKz9z9Iq,Pointcloud
47,https://syns.soton.ac.uk/download/BVsE53gIUH,Pointcloud
47,https://syns.soton.ac.uk/download/xVVZXj1mXD,Panorama
47,https://syns.soton.ac.uk/download/kd1pWnSjJl,Panorama
47,https://syns.soton.ac.uk/download/PsWc5LaSqJ,Stereo
47,https://syns.soton.ac.uk/download/FkW6mJAjXS,Stereo
47,https://syns.soton.ac.uk/download/fw7PZyMhi2,Info
44,https://syns.soton.ac.uk/view/56,Kind
44,https://syns.soton.ac.uk/download/8GCzV5SwE0,Pointcloud
44,https://syns.soton.ac.uk/download/Y2swBvDLNc,Pointcloud
44,https://syns.soton.ac.uk/download/oJHuhMNkUc,Panorama
44,https://syns.soton.ac.uk/download/BzU7JlEW2e,Panorama
44,https://syns.soton.ac.uk/download/yoAIwaVpzs,Stereo
44,https://syns.soton.ac.uk/download/KJGAhRa27S,Info
46,https://syns.soton.ac.uk/view/58,Kind
46,https://syns.soton.ac.uk/download/iX5hVUFlmb,Pointcloud
46,https://syns.soton.ac.uk/download/mXVdIFleCw,Pointcloud
46,https://syns.soton.ac.uk/download/b2QmQQkcqt,Panorama
46,https://syns.soton.ac.uk/download/Zy9hMq6Qm0,Panorama
46,https://syns.soton.ac.uk/download/WzNl8nedwW,Stereo
46,https://syns.soton.ac.uk/download/AGF0Z6xnyQ,Stereo
46,https://syns.soton.ac.uk/download/MH7OscpPcJ,Info
45,https://syns.soton.ac.uk/view/57,Kind
45,https://syns.soton.ac.uk/download/Mr1qnV8QXz,Pointcloud
45,https://syns.soton.ac.uk/download/7aoZplHiBx,Pointcloud
45,https://syns.soton.ac.uk/download/lUdKIoUuiu,Panorama
45,https://syns.soton.ac.uk/download/n7ytklYQpC,Panorama
45,https://syns.soton.ac.uk/download/XpWNIGPEuh,Stereo
45,https://syns.soton.ac.uk/download/1jAIu2iUXj,Stereo
45,https://syns.soton.ac.uk/download/6V7lPoXXfb,Info
43,https://syns.soton.ac.uk/view/55,Kind
43,https://syns.soton.ac.uk/download/1VfMLdD3uE,Pointcloud
43,https://syns.soton.ac.uk/download/5nevlCqww7,Pointcloud
43,https://syns.soton.ac.uk/download/ViQkk2ochC,Panorama
43,https://syns.soton.ac.uk/download/8DyrN6fiUD,Panorama
43,https://syns.soton.ac.uk/download/ir9mRIG1rl,Stereo
43,https://syns.soton.ac.uk/download/h3MClkbg9Z,Stereo
43,https://syns.soton.ac.uk/download/A8mkeiCuyB,Info
41,https://syns.soton.ac.uk/view/53,Kind
41,https://syns.soton.ac.uk/download/nkNIhnhuqM,Pointcloud
41,https://syns.soton.ac.uk/download/wUjXrn9Ck3,Pointcloud
41,https://syns.soton.ac.uk/download/CZlpx8xOhN,Panorama
41,https://syns.soton.ac.uk/download/0ClvSUfSzf,Panorama
41,https://syns.soton.ac.uk/download/VYh178X796,Stereo
41,https://syns.soton.ac.uk/download/p13FQDGI7m,Stereo
41,https://syns.soton.ac.uk/download/Z74haZQKTI,Info
42,https://syns.soton.ac.uk/view/54,Kind
42,https://syns.soton.ac.uk/download/aKeMTm50TX,Pointcloud
42,https://syns.soton.ac.uk/download/rfUpIcnqtm,Pointcloud
42,https://syns.soton.ac.uk/download/xFb75Z3Dbt,Panorama
42,https://syns.soton.ac.uk/download/R1kGW6thAi,Panorama
42,https://syns.soton.ac.uk/download/7F2DBnGKV1,Stereo
42,https://syns.soton.ac.uk/download/DbQiOnNGOU,Stereo
42,https://syns.soton.ac.uk/download/L5Sey9xuJb,Info
40,https://syns.soton.ac.uk/view/52,Kind
40,https://syns.soton.ac.uk/download/jtNaZjy34d,Pointcloud
40,https://syns.soton.ac.uk/download/rjv1V16KFx,Pointcloud
40,https://syns.soton.ac.uk/download/UGYo8De0on,Panorama
40,https://syns.soton.ac.uk/download/JcLj6oBr0F,Panorama
40,https://syns.soton.ac.uk/download/hvLDwObd96,Stereo
40,https://syns.soton.ac.uk/download/O8YYCp7xA2,Stereo
40,https://syns.soton.ac.uk/download/YwkcBWB4mf,Info
39,https://syns.soton.ac.uk/view/51,Kind
39,https://syns.soton.ac.uk/download/yf6xWAEKhB,Pointcloud
39,https://syns.soton.ac.uk/download/HZdfPUhQE7,Pointcloud
39,https://syns.soton.ac.uk/download/gt4ttNSwap,Panorama
39,https://syns.soton.ac.uk/download/XhJ0WI9j8s,Panorama
39,https://syns.soton.ac.uk/download/GgOB0mqugd,Stereo
39,https://syns.soton.ac.uk/download/4bqW9ESEHZ,Stereo
39,https://syns.soton.ac.uk/download/hizwlzaQ5q,Info
38,https://syns.soton.ac.uk/view/50,Kind
38,https://syns.soton.ac.uk/download/X62XxCQxzb,Pointcloud
38,https://syns.soton.ac.uk/download/G69Ol9DXTD,Pointcloud
38,https://syns.soton.ac.uk/download/w5StyZt9NI,Panorama
38,https://syns.soton.ac.uk/download/3ooMtU3VrD,Panorama
38,https://syns.soton.ac.uk/download/oKjvNbxbHF,Stereo
38,https://syns.soton.ac.uk/download/qd9HvdOLgO,Stereo
38,https://syns.soton.ac.uk/download/Kc5OBeKADD,Info
37,https://syns.soton.ac.uk/view/49,Kind
37,https://syns.soton.ac.uk/download/rtblItqKDj,Pointcloud
37,https://syns.soton.ac.uk/download/c8tjzMoaj5,Pointcloud
37,https://syns.soton.ac.uk/download/iXAB8Srn10,Panorama
37,https://syns.soton.ac.uk/download/9PIHewzxAL,Panorama
37,https://syns.soton.ac.uk/download/bCJvEXEjeH,Stereo
37,https://syns.soton.ac.uk/download/dB90arseAg,Stereo
37,https://syns.soton.ac.uk/download/IrFw25zY8i,Info
32,https://syns.soton.ac.uk/view/44,Kind
32,https://syns.soton.ac.uk/download/mad9cngfAX,Pointcloud
32,https://syns.soton.ac.uk/download/Swzt7xymlB,Pointcloud
32,https://syns.soton.ac.uk/download/wbaosWT1KX,Panorama
32,https://syns.soton.ac.uk/download/MWU9bttWq8,Stereo
32,https://syns.soton.ac.uk/download/oKMYChGPN6,Stereo
32,https://syns.soton.ac.uk/download/99WoqzfXre,Info
34,https://syns.soton.ac.uk/view/46,Kind
34,https://syns.soton.ac.uk/download/z5EVSGFvXb,Pointcloud
34,https://syns.soton.ac.uk/download/h0fWBsQutL,Pointcloud
34,https://syns.soton.ac.uk/download/8nsZnbqyor,Panorama
34,https://syns.soton.ac.uk/download/g8T54wJzag,Panorama
34,https://syns.soton.ac.uk/download/4EI0vB0dBM,Stereo
34,https://syns.soton.ac.uk/download/rGl33KSr4w,Stereo
34,https://syns.soton.ac.uk/download/zGy5AZEF1B,Info
33,https://syns.soton.ac.uk/view/45,Kind
33,https://syns.soton.ac.uk/download/UR4xLvywyq,Pointcloud
33,https://syns.soton.ac.uk/download/RoYdEeZmwa,Pointcloud
33,https://syns.soton.ac.uk/download/pI64D8agBs,Panorama
33,https://syns.soton.ac.uk/download/dIpYydWTwY,Panorama
33,https://syns.soton.ac.uk/download/0ddTtNcwXu,Stereo
33,https://syns.soton.ac.uk/download/1VLWKAr0yz,Stereo
33,https://syns.soton.ac.uk/download/CsoM5fZiU6,Info
35,https://syns.soton.ac.uk/view/47,Kind
35,https://syns.soton.ac.uk/download/9UJEo2WDiC,Pointcloud
35,https://syns.soton.ac.uk/download/048hYNLigi,Pointcloud
35,https://syns.soton.ac.uk/download/awaeUqVjsi,Panorama
35,https://syns.soton.ac.uk/download/KMSZ7lA9Hb,Panorama
35,https://syns.soton.ac.uk/download/OD3ohEeYZd,Stereo
35,https://syns.soton.ac.uk/download/xlr9XJcaNY,Stereo
35,https://syns.soton.ac.uk/download/3hA2cDWwy5,Info
36,https://syns.soton.ac.uk/view/48,Kind
36,https://syns.soton.ac.uk/download/2l5sHhJPAP,Pointcloud
36,https://syns.soton.ac.uk/download/9yaFnc6WIA,Pointcloud
36,https://syns.soton.ac.uk/download/B6Jfge55LT,Panorama
36,https://syns.soton.ac.uk/download/hHMM5Re1ez,Panorama
36,https://syns.soton.ac.uk/download/WZ2uo2pz7l,Stereo
36,https://syns.soton.ac.uk/download/Kz8HMwliwt,Stereo
36,https://syns.soton.ac.uk/download/PFaP7Swljk,Info
31,https://syns.soton.ac.uk/view/43,Kind
31,https://syns.soton.ac.uk/download/pkMl9e3shn,Pointcloud
31,https://syns.soton.ac.uk/download/WrewAW5Efi,Pointcloud
31,https://syns.soton.ac.uk/download/WsJlMIBN6O,Panorama
31,https://syns.soton.ac.uk/download/8B66xCHcqd,Panorama
31,https://syns.soton.ac.uk/download/woXKCNrWLu,Stereo
31,https://syns.soton.ac.uk/download/fJWdpP811Z,Stereo
31,https://syns.soton.ac.uk/download/2H8XDonlEg,Info
30,https://syns.soton.ac.uk/view/42,Kind
30,https://syns.soton.ac.uk/download/lLjKv3RvbB,Pointcloud
30,https://syns.soton.ac.uk/download/0DBA1gbbG5,Pointcloud
30,https://syns.soton.ac.uk/download/mWhq5RJTix,Panorama
30,https://syns.soton.ac.uk/download/cJIRAidtjh,Stereo
30,https://syns.soton.ac.uk/download/QKqT8xvdMS,Stereo
30,https://syns.soton.ac.uk/download/2ftXHapyZv,Info
28,https://syns.soton.ac.uk/view/40,Kind
28,https://syns.soton.ac.uk/download/NkUHoAOFGB,Pointcloud
28,https://syns.soton.ac.uk/download/S8eZCEXMcl,Pointcloud
28,https://syns.soton.ac.uk/download/h9oAGByzZT,Panorama
28,https://syns.soton.ac.uk/download/tmV2Qkljyo,Panorama
28,https://syns.soton.ac.uk/download/nRKMGBYWQA,Stereo
28,https://syns.soton.ac.uk/download/TNecykuT6G,Stereo
28,https://syns.soton.ac.uk/download/1iWfB5g74M,Info
26,https://syns.soton.ac.uk/view/38,Kind
26,https://syns.soton.ac.uk/download/UipDwm1h3M,Pointcloud
26,https://syns.soton.ac.uk/download/MgEdEunBA2,Pointcloud
26,https://syns.soton.ac.uk/download/YOLF3JFpil,Panorama
26,https://syns.soton.ac.uk/download/BLtXEeFVKf,Panorama
26,https://syns.soton.ac.uk/download/3UgMS4jrzb,Stereo
26,https://syns.soton.ac.uk/download/9Ctwwp1ppR,Stereo
26,https://syns.soton.ac.uk/download/xyhLHfu2Xy,Info
27,https://syns.soton.ac.uk/view/39,Kind
27,https://syns.soton.ac.uk/download/BwFSQTuH7D,Pointcloud
27,https://syns.soton.ac.uk/download/gnjxA4QkCo,Pointcloud
27,https://syns.soton.ac.uk/download/p7nxOMpbzK,Panorama
27,https://syns.soton.ac.uk/download/P0G9ofrF9f,Panorama
27,https://syns.soton.ac.uk/download/KPaotWXDE8,Stereo
27,https://syns.soton.ac.uk/download/Zx8oXiOKWN,Stereo
27,https://syns.soton.ac.uk/download/sD5JZm1Jg4,Info
29,https://syns.soton.ac.uk/view/41,Kind
29,https://syns.soton.ac.uk/download/Jd6xJm4Dcr,Pointcloud
29,https://syns.soton.ac.uk/download/wOEDVI9Bol,Pointcloud
29,https://syns.soton.ac.uk/download/xTMD21lX9M,Panorama
29,https://syns.soton.ac.uk/download/feZKZzH3hi,Panorama
29,https://syns.soton.ac.uk/download/agx9Wua7r9,Stereo
29,https://syns.soton.ac.uk/download/w9EbeobCZH,Stereo
29,https://syns.soton.ac.uk/download/LrexZI5TQb,Info
24,https://syns.soton.ac.uk/view/36,Kind
24,https://syns.soton.ac.uk/download/hWtPup9ded,Pointcloud
24,https://syns.soton.ac.uk/download/vgT64fWDfM,Pointcloud
24,https://syns.soton.ac.uk/download/jYVOdbasWD,Panorama
24,https://syns.soton.ac.uk/download/LuiCUEdvxy,Panorama
24,https://syns.soton.ac.uk/download/l0LKHTwaZs,Stereo
24,https://syns.soton.ac.uk/download/rwo4234WRZ,Stereo
24,https://syns.soton.ac.uk/download/lIjiXaLDBw,Info
6,https://syns.soton.ac.uk/view/20,Kind
6,https://syns.soton.ac.uk/download/6zdKd7Bmvd,Pointcloud
6,https://syns.soton.ac.uk/download/suJzYPrM2I,Pointcloud
6,https://syns.soton.ac.uk/download/FtoFr1dyHs,Panorama
6,https://syns.soton.ac.uk/download/cwOwdDPTRw,Stereo
6,https://syns.soton.ac.uk/download/ThX2VzHa2w,Stereo
6,https://syns.soton.ac.uk/download/v4G0hCXfV8,Info
7,https://syns.soton.ac.uk/view/21,Kind
7,https://syns.soton.ac.uk/download/no5NUGHpfa,Pointcloud
7,https://syns.soton.ac.uk/download/uQBn1MvBaC,Pointcloud
7,https://syns.soton.ac.uk/download/eCHqZS6bW3,Panorama
7,https://syns.soton.ac.uk/download/X06Ue2mX2w,Panorama
7,https://syns.soton.ac.uk/download/73XvfKjbCU,Stereo
7,https://syns.soton.ac.uk/download/F7kA7DNJNt,Stereo
7,https://syns.soton.ac.uk/download/1krIHPdvuS,Info
8,https://syns.soton.ac.uk/view/22,Kind
8,https://syns.soton.ac.uk/download/y7Yw9Bzj0H,Pointcloud
8,https://syns.soton.ac.uk/download/crfeIAjGyH,Pointcloud
8,https://syns.soton.ac.uk/download/TxuqDwb2pk,Panorama
8,https://syns.soton.ac.uk/download/yE1fB3N9Ed,Panorama
8,https://syns.soton.ac.uk/download/NUdOET0rrN,Stereo
8,https://syns.soton.ac.uk/download/iH7yrcmcdy,Stereo
8,https://syns.soton.ac.uk/download/W55kgyqqrN,Info
4,https://syns.soton.ac.uk/view/18,Kind
4,https://syns.soton.ac.uk/download/IwnEwBofXf,Pointcloud
4,https://syns.soton.ac.uk/download/U7R4Ncngw6,Pointcloud
4,https://syns.soton.ac.uk/download/M1Ia3Y1RbN,Panorama
4,https://syns.soton.ac.uk/download/PeZXU6DPJa,Panorama
4,https://syns.soton.ac.uk/download/3iO402Sjsu,Stereo
4,https://syns.soton.ac.uk/download/DiQsXBKbii,Stereo
4,https://syns.soton.ac.uk/download/m7JYxXw3y7,Info
5,https://syns.soton.ac.uk/view/19,Kind
5,https://syns.soton.ac.uk/download/4HlPe1H89X,Pointcloud
5,https://syns.soton.ac.uk/download/DFiJe21ZPc,Pointcloud
5,https://syns.soton.ac.uk/download/stnL288oko,Panorama
5,https://syns.soton.ac.uk/download/XXlBLU4s96,Panorama
5,https://syns.soton.ac.uk/download/FNyddYq3h7,Stereo
5,https://syns.soton.ac.uk/download/AypAvC0q6P,Stereo
5,https://syns.soton.ac.uk/download/9yg62ZD2lS,Info
2,https://syns.soton.ac.uk/view/16,Kind
2,https://syns.soton.ac.uk/download/03qI9OkDQj,Pointcloud
2,https://syns.soton.ac.uk/download/E7vPNGZUJ3,Pointcloud
2,https://syns.soton.ac.uk/download/k8wVxihmgr,Panorama
2,https://syns.soton.ac.uk/download/XtJ5SkWSno,Panorama
2,https://syns.soton.ac.uk/download/yYhKWKu3tS,Stereo
2,https://syns.soton.ac.uk/download/uQyGdu7rka,Stereo
2,https://syns.soton.ac.uk/download/tmf05DpIiY,Info
25,https://syns.soton.ac.uk/view/37,Kind
25,https://syns.soton.ac.uk/download/gZQFBBEKCf,Pointcloud
25,https://syns.soton.ac.uk/download/vd2hbdfMz0,Pointcloud
25,https://syns.soton.ac.uk/download/FbLo0IQWmh,Panorama
25,https://syns.soton.ac.uk/download/PO8AlbXysZ,Panorama
25,https://syns.soton.ac.uk/download/a1MpnlXaTi,Stereo
25,https://syns.soton.ac.uk/download/xmSKx017a3,Stereo
25,https://syns.soton.ac.uk/download/XeZC6a6bl0,Stereo
25,https://syns.soton.ac.uk/download/qbleZi9Fat,Stereo
25,https://syns.soton.ac.uk/download/25Saui1anW,Info
3,https://syns.soton.ac.uk/view/17,Kind
3,https://syns.soton.ac.uk/download/HaAcSb4SQ4,Pointcloud
3,https://syns.soton.ac.uk/download/FADGohDdt2,Pointcloud
3,https://syns.soton.ac.uk/download/fFqdpycuz7,Panorama
3,https://syns.soton.ac.uk/download/cHESNzVGoO,Panorama
3,https://syns.soton.ac.uk/download/ZdXMd9cjPO,Stereo
3,https://syns.soton.ac.uk/download/6e5C4jeBbm,Stereo
3,https://syns.soton.ac.uk/download/YnPZ5DFHnn,Info
